<?xml version="1.0" encoding="utf-8"?>
<person>
	<personID>105139</personID>
	<FullName>Richard Taylor</FullName>
	<FirstName>Richard</FirstName>
	<LastName>Taylor</LastName>
	<publication>
		<title>Effective Prediction and its Computational Complexity</title>
		<year>2007</year>
		<authors>Richard Taylor</authors>
		<jconf>CATS</jconf>
		<id>79040</id>
		<label>1</label>
		<organization>null</organization>
	</publication>
	<publication>
		<title>Automated data cache placement for embedded VLIW ASIPs</title>
		<year>2005</year>
		<authors>Paul Morgan,Richard Taylor,Japheth Hossell,George Bruce,Barry O'Rourke</authors>
		<jconf>CODES+ISSS</jconf>
		<id>106181</id>
		<label>2</label>
		<organization>CriticalBlue Ltd, Edinburgh, UK</organization>
	</publication>
	<publication>
		<title>An Integrity Check Value Algorithm for Stream Ciphers</title>
		<year>1993</year>
		<authors>Richard Taylor</authors>
		<jconf>CRYPTO</jconf>
		<id>120508</id>
		<label>4</label>
		<organization>null</organization>
	</publication>
	<publication>
		<title>ASIP Instruction Encoding for Energy and Area Reduction</title>
		<year>2007</year>
		<authors>Paul Morgan,Richard Taylor</authors>
		<jconf>DAC</jconf>
		<id>134729</id>
		<label>2</label>
		<organization>Critical Blue, San Jose</organization>
	</publication>
	<publication>
		<title>Co-Processor Synthesis: A New Methodology for Embedded Software Acceleration</title>
		<year>2004</year>
		<authors>Ben I. Hounsell,Richard Taylor</authors>
		<jconf>DATE</jconf>
		<id>142099</id>
		<label>2</label>
		<organization>Critical Blue Ltd., Edinburgh, UK</organization>
	</publication>
	<publication>
		<title>Taking a RaSP to Enterprise Stakeholder Dissonance</title>
		<year>2008</year>
		<authors>Richard Taylor,Chris Tofts</authors>
		<jconf>EDOC</jconf>
		<id>177723</id>
		<label>5</label>
		<organization>HP Labs., Bristol</organization>
	</publication>
	<publication>
		<title>Near Optimal Unconditionally Secure Authentication</title>
		<year>1994</year>
		<authors>Richard Taylor</authors>
		<jconf>EUROCRYPT</jconf>
		<id>193529</id>
		<label>4</label>
		<organization>null</organization>
	</publication>
	<publication>
		<title>Software engineering for adaptive and self-managing systems</title>
		<year>2006</year>
		<authors>Betty H. C. Cheng,David Garlan,Rogerio de Lemos,Jeff Magee,Richard Taylor,Stephen Fickas,Hausi A. Muller</authors>
		<jconf>ICSE</jconf>
		<id>361619</id>
		<label>6</label>
		<organization>University of California, Irvine, CA</organization>
	</publication>
	<publication>
		<title>SEAMS 2007: Software Engineering for Adaptive and Self-Managing Systems</title>
		<year>2007</year>
		<authors>Betty H. C. Cheng,Rogerio de Lemos,Stephen Fickas,David Garlan,Marin Litoiu,Jeff Magee,Hausi A. Muller,Richard Taylor</authors>
		<jconf>ICSE Companion</jconf>
		<id>363643</id>
		<label>6</label>
		<organization>University of California, Irvine, USA</organization>
	</publication>
	<publication>
		<title>Design for Test and the Cost of Quality</title>
		<year>1988</year>
		<authors>Chris Salzmann,Martin Funcell,Richard Taylor</authors>
		<jconf>ITC</jconf>
		<id>455761</id>
		<label>7</label>
		<organization>Nat. Semicond. Corp., Santa Clara, CA</organization>
	</publication>
	<publication>
		<title>Maritxu: Generic Visualization of Highly Parallel Processing</title>
		<year>1992</year>
		<authors>Eugenio Zabala,Richard Taylor</authors>
		<jconf>Programming Environments for Parallel Computing</jconf>
		<id>538098</id>
		<label>8</label>
		<organization>null</organization>
	</publication>
	<publication>
		<title>Concurrency in the Data Warehouse</title>
		<year>2000</year>
		<authors>Richard Taylor</authors>
		<jconf>VLDB</jconf>
		<id>643888</id>
		<label>9</label>
		<organization>null</organization>
	</publication>
	<publication>
		<title>3D S.O.M. - A Commercial Software Solution to 3D Scanning</title>
		<year>2003</year>
		<authors>Adam Baumberg,Alex Lyons,Richard Taylor</authors>
		<jconf>VVG</jconf>
		<id>649717</id>
		<label>10</label>
		<organization>null</organization>
	</publication>
	<publication>
		<title>An Algorithm for Calculating the Availability and Mean Time to Restore for Communication Through a Network</title>
		<year>1990</year>
		<authors>Richard Taylor,Ron Addie</authors>
		<jconf>Computer Networks and ISDN Systems</jconf>
		<id>795600</id>
		<label>4</label>
		<organization>null</organization>
	</publication>
	<publication>
		<title>3D S.O.M. - A commercial software solution to 3D scanning</title>
		<year>2005</year>
		<authors>Adam Baumberg,Alex Lyons,Richard Taylor</authors>
		<jconf>Graphical Models</jconf>
		<id>833718</id>
		<label>10</label>
		<organization>null</organization>
	</publication>
	<publication>
		<title>Reconstructing degree sequences from k-vertex-deleted subgraphs</title>
		<year>1990</year>
		<authors>Richard Taylor</authors>
		<jconf>Discrete Mathematics</jconf>
		<id>851351</id>
		<label>11</label>
		<organization>null</organization>
	</publication>
	<publication>
		<title>Small World Dynamics and The Process of Knowledge Diffusion: The Case of The Metropolitan Area of Greater Santiago De Chile</title>
		<year>2004</year>
		<authors>Piergiuseppe Morone,Richard Taylor</authors>
		<jconf>J. Artificial Societies and Social Simulation</jconf>
		<id>958241</id>
		<label>12</label>
		<organization>null</organization>
	</publication>
	<publication>
		<title>SEAMS 2009: Software engineering for adaptive and self-managing systems</title>
		<year>2009</year>
		<authors>Betty H. C. Cheng,Rogerio de Lemos,David Garlan,Holger Giese,Marin Litoiu,Jeff Magee,Hausi A. Muller,Richard Taylor</authors>
		<jconf>ICSE Companion</jconf>
		<id>1210601</id>
		<label>6</label>
		<organization>University of California, Irvine, USA</organization>
	</publication>
	<publication>
		<title>ICSE 97 program update</title>
		<year>1997</year>
		<authors>Richard Taylor</authors>
		<jconf>ACM SIGSOFT Software Engineering Notes</jconf>
		<id>1406804</id>
		<label>6</label>
		<organization>null</organization>
	</publication>
	<publication>
		<title>Transputer communication link</title>
		<year>1986</year>
		<authors>Richard Taylor</authors>
		<jconf>Microprocessors Microsystems</jconf>
		<id>1454004</id>
		<label>13</label>
		<organization>null</organization>
	</publication>
	<publication>
		<title>Process and processor interaction: architecture independent visualisation schema</title>
		<year>1993</year>
		<authors>Eugenio Zabala,Richard Taylor</authors>
		<jconf>Environments and tools for parallel scientific computing</jconf>
		<id>1507500</id>
		<label>8</label>
		<organization>null</organization>
	</publication>
	<publication>
		<title>MCSE Windows 2000 Network: Exam Cram Personal Trainer with CD-ROM</title>
		<year>2001</year>
		<authors>CIP Author Team,Richard Taylor,Derek Melber</authors>
		<jconf>null</jconf>
		<id>1517128</id>
		<label>14</label>
		<organization>null</organization>
	</publication>
	<publication>
		<title>MCSE Windows 2000 Network: Exam Cram</title>
		<year>2000</year>
		<authors>Hank Carbeck,Richard Taylor,Derek Melber</authors>
		<jconf>null</jconf>
		<id>1522657</id>
		<label>14</label>
		<organization>null</organization>
	</publication>
	<publication>
		<title>Professional Java Mobile Programming</title>
		<year>2001</year>
		<authors>Bill Ray,Danny Ayers,Richard Taylor,Ronald Ashri</authors>
		<jconf>null</jconf>
		<id>1538134</id>
		<label>15</label>
		<organization>null</organization>
	</publication>
	<publication>
		<title>WebDAV</title>
		<year>2000</year>
		<authors>Richard Taylor,David Redmiles</authors>
		<jconf>ACM SIGSOFT Software Engineering Notes</jconf>
		<id>1546768</id>
		<label>6</label>
		<organization>University of California, Irvine</organization>
	</publication>
	<publication>
		<title>Knowledge depot</title>
		<year>2000</year>
		<authors>Richard Taylor,David Redmiles</authors>
		<jconf>ACM SIGSOFT Software Engineering Notes</jconf>
		<id>1547350</id>
		<label>6</label>
		<organization>University of California, Irvine</organization>
	</publication>
	<publication>
		<title>Chimera</title>
		<year>2000</year>
		<authors>Richard Taylor,David Redmiles</authors>
		<jconf>ACM SIGSOFT Software Engineering Notes</jconf>
		<id>1550438</id>
		<label>6</label>
		<organization>University of California, Irvine</organization>
	</publication>
	<publication>
		<title>Expectation-driven event monitoring</title>
		<year>2000</year>
		<authors>Richard Taylor,David Redmiles</authors>
		<jconf>ACM SIGSOFT Software Engineering Notes</jconf>
		<id>1552001</id>
		<label>6</label>
		<organization>University of California, Irvine</organization>
	</publication>
	<publication>
		<title>ArchStudio</title>
		<year>2000</year>
		<authors>Richard Taylor,David Redmiles</authors>
		<jconf>ACM SIGSOFT Software Engineering Notes</jconf>
		<id>1552675</id>
		<label>6</label>
		<organization>University of California, Irvine</organization>
	</publication>
	<publication>
		<title>Argo/UML</title>
		<year>2000</year>
		<authors>Richard Taylor,David Redmiles</authors>
		<jconf>ACM SIGSOFT Software Engineering Notes</jconf>
		<id>1553142</id>
		<label>6</label>
		<organization>University of California, Irvine</organization>
	</publication>
	<publication>
		<title>Endeavors</title>
		<year>2000</year>
		<authors>Richard Taylor,David Redmiles</authors>
		<jconf>ACM SIGSOFT Software Engineering Notes</jconf>
		<id>1556180</id>
		<label>6</label>
		<organization>University of California, Irvine</organization>
	</publication>
	<publication>
		<title>Arabica</title>
		<year>2000</year>
		<authors>Richard Taylor,David Redmiles</authors>
		<jconf>ACM SIGSOFT Software Engineering Notes</jconf>
		<id>1556187</id>
		<label>6</label>
		<organization>University of California, Irvine</organization>
	</publication>
	<publication>
		<title>Communications coprocessor for the Acorn RISC machine</title>
		<year>1990</year>
		<authors>Don Goodeve,Richard Taylor</authors>
		<jconf>Microprocessors Microsystems</jconf>
		<id>1623510</id>
		<label>3</label>
		<organization>Univ. of York, Heslington, UK</organization>
	</publication>
	<publication>
		<title>A metaphor and conceptual architecture for software development environments</title>
		<year>1990</year>
		<authors>Izhar Shy,Richard Taylor,Leon Osterweil</authors>
		<jconf>Proceedings of the international workshop on environments on Software engineering environments</jconf>
		<id>1663577</id>
		<label>6</label>
		<organization>null</organization>
	</publication>
	<publication>
		<title>Concurrent programming in Occam</title>
		<year>1989</year>
		<authors>Richard Taylor</authors>
		<jconf>Major advances in parallel processing</jconf>
		<id>1663795</id>
		<label>0</label>
		<organization>null</organization>
	</publication>
</person>